POS,Core_resi
1,Non_Contact_Surface_Residue
2,Non_Contact_Surface_Residue
3,Non_Contact_Surface_Residue
4,Non_Contact_Surface_Residue
5,Non_Contact_Surface_Residue
6,Non_Contact_Surface_Residue
7,Non_Contact_Surface_Residue
8,Non_Contact_Surface_Residue
9,Non_Contact_Surface_Residue
10,Non_Contact_Surface_Residue
11,Non_Contact_Surface_Residue
12,Non_Contact_Surface_Residue
13,Non_Contact_Surface_Residue
14,Non_Contact_Surface_Residue
15,Non_Contact_Surface_Residue
16,Non_Contact_Surface_Residue
17,Non_Contact_Surface_Residue
18,Non_Contact_Surface_Residue
19,Non_Contact_Surface_Residue
20,Non_Contact_Surface_Residue
21,Non_Contact_Surface_Residue
22,Non_Contact_Surface_Residue
23,Non_Contact_Surface_Residue
24,Non_Contact_Surface_Residue
25,Non_Contact_Surface_Residue
26,Non_Contact_Surface_Residue
27,Non_Contact_Surface_Residue
28,Non_Contact_Surface_Residue
29,Non_Contact_Surface_Residue
30,Non_Contact_Surface_Residue
31,Non_Contact_Surface_Residue
32,Non_Contact_Surface_Residue
33,Non_Contact_Surface_Residue
34,Non_Contact_Surface_Residue
35,Non_Contact_Surface_Residue
36,Non_Contact_Surface_Residue
37,Non_Contact_Surface_Residue
38,Non_Contact_Surface_Residue
39,Non_Contact_Surface_Residue
40,Non_Contact_Surface_Residue
41,Non_Contact_Surface_Residue
42,Non_Contact_Surface_Residue
43,Non_Contact_Surface_Residue
44,Non_Contact_Surface_Residue
45,Non_Contact_Surface_Residue
46,Non_Contact_Surface_Residue
47,Non_Contact_Surface_Residue
48,Non_Contact_Surface_Residue
49,Non_Contact_Surface_Residue
50,Non_Contact_Surface_Residue
51,Non_Contact_Surface_Residue
52,Non_Contact_Surface_Residue
53,Non_Contact_Surface_Residue
54,Non_Contact_Surface_Residue
55,Non_Contact_Surface_Residue
56,Non_Contact_Surface_Residue
57,Non_Contact_Surface_Residue
58,Non_Contact_Surface_Residue
59,Non_Contact_Surface_Residue
60,Non_Contact_Surface_Residue
61,Non_Contact_Surface_Residue
62,Non_Contact_Surface_Residue
63,Non_Contact_Surface_Residue
64,PP1C_interact
65,PP1C_interact
66,PP1C_interact
67,PP1C_interact
68,PP1C_interact
69,Non_Contact_Surface_Residue
70,Non_Contact_Surface_Residue
71,Non_Contact_Surface_Residue
72,PP1C_interact
73,PP1C_interact
74,PP1C_interact
75,PP1C_interact
76,PP1C_interact
77,PP1C_interact
78,Non_Contact_Surface_Residue
79,Non_Contact_Surface_Residue
80,Non_Contact_Surface_Residue
81,Non_Contact_Surface_Residue
82,Non_Contact_Surface_Residue
83,Non_Contact_Surface_Residue
84,Non_Contact_Surface_Residue
85,Non_Contact_Surface_Residue
86,Non_Contact_Surface_Residue
87,Non_Contact_Surface_Residue
88,Non_Contact_Surface_Residue
89,Non_Contact_Surface_Residue
90,Core_Residue
91,Non_Contact_Surface_Residue
92,Non_Contact_Surface_Residue
93,Non_Contact_Surface_Residue
94,Core_Residue
95,Non_Contact_Surface_Residue
96,Non_Contact_Surface_Residue
97,Core_Residue
98,Non_Contact_Surface_Residue
99,Non_Contact_Surface_Residue
100,Non_Contact_Surface_Residue
101,Non_Contact_Surface_Residue
102,Non_Contact_Surface_Residue
103,Non_Contact_Surface_Residue
104,MRAS_interact
105,Core_Residue
106,MRAS_interact
107,Core_Residue
108,Core_Residue
109,Non_Contact_Surface_Residue
110,Non_Contact_Surface_Residue
111,Non_Contact_Surface_Residue
112,Core_Residue
113,Non_Contact_Surface_Residue
114,Non_Contact_Surface_Residue
115,Core_Residue
116,Non_Contact_Surface_Residue
117,Non_Contact_Surface_Residue
118,Non_Contact_Surface_Residue
119,Core_Residue
120,Non_Contact_Surface_Residue
121,Non_Contact_Surface_Residue
122,Core_Residue
123,Non_Contact_Surface_Residue
124,Non_Contact_Surface_Residue
125,Core_Residue
126,Non_Contact_Surface_Residue
127,Non_Contact_Surface_Residue
128,Core_Residue
129,MRAS_interact
130,Core_Residue
131,MRAS_interact
132,Non_Contact_Surface_Residue
133,Core_Residue
134,PP1C_interact
135,Core_Residue
136,Non_Contact_Surface_Residue
137,Non_Contact_Surface_Residue
138,Core_Residue
139,Non_Contact_Surface_Residue
140,Non_Contact_Surface_Residue
141,Non_Contact_Surface_Residue
142,Core_Residue
143,Core_Residue
144,Non_Contact_Surface_Residue
145,Core_Residue
146,Non_Contact_Surface_Residue
147,Non_Contact_Surface_Residue
148,Core_Residue
149,Non_Contact_Surface_Residue
150,MRAS_interact
151,Core_Residue
152,MRAS_interact
153,Core_Residue
154,Core_Residue
155,MRASandPP1C_interact
156,Core_Residue
157,Non_Contact_Surface_Residue
158,Core_Residue
159,Non_Contact_Surface_Residue
160,Non_Contact_Surface_Residue
161,Core_Residue
162,Non_Contact_Surface_Residue
163,Non_Contact_Surface_Residue
164,Non_Contact_Surface_Residue
165,Core_Residue
166,Non_Contact_Surface_Residue
167,Non_Contact_Surface_Residue
168,Core_Residue
169,Non_Contact_Surface_Residue
170,Non_Contact_Surface_Residue
171,Core_Residue
172,Non_Contact_Surface_Residue
173,MRAS_interact
174,Core_Residue
175,MRAS_interact
176,Core_Residue
177,MRAS_interact
178,PP1C_interact
179,Core_Residue
180,PP1C_interact
181,Core_Residue
182,PP1C_interact
183,Non_Contact_Surface_Residue
184,Core_Residue
185,Core_Residue
186,Non_Contact_Surface_Residue
187,Core_Residue
188,Core_Residue
189,Core_Residue
190,Non_Contact_Surface_Residue
191,Core_Residue
192,Non_Contact_Surface_Residue
193,Core_Residue
194,Core_Residue
195,Non_Contact_Surface_Residue
196,Non_Contact_Surface_Residue
197,Core_Residue
198,MRAS_interact
199,Core_Residue
200,MRAS_interact
201,PP1C_interact
202,Core_Residue
203,PP1C_interact
204,Core_Residue
205,Non_Contact_Surface_Residue
206,Non_Contact_Surface_Residue
207,Core_Residue
208,Non_Contact_Surface_Residue
209,Non_Contact_Surface_Residue
210,Non_Contact_Surface_Residue
211,Core_Residue
212,Non_Contact_Surface_Residue
213,Non_Contact_Surface_Residue
214,Core_Residue
215,Non_Contact_Surface_Residue
216,Non_Contact_Surface_Residue
217,Core_Residue
218,Non_Contact_Surface_Residue
219,MRAS_interact
220,Core_Residue
221,Core_Residue
222,Core_Residue
223,MRAS_interact
224,PP1C_interact
225,Core_Residue
226,Non_Contact_Surface_Residue
227,Core_Residue
228,Non_Contact_Surface_Residue
229,Non_Contact_Surface_Residue
230,Core_Residue
231,Non_Contact_Surface_Residue
232,Non_Contact_Surface_Residue
233,Non_Contact_Surface_Residue
234,Core_Residue
235,Core_Residue
236,Non_Contact_Surface_Residue
237,Core_Residue
238,Non_Contact_Surface_Residue
239,Non_Contact_Surface_Residue
240,Core_Residue
241,MRAS_interact
242,MRAS_interact
243,Core_Residue
244,Non_Contact_Surface_Residue
245,Core_Residue
246,Core_Residue
247,Non_Contact_Surface_Residue
248,Core_Residue
249,Non_Contact_Surface_Residue
250,Core_Residue
251,Non_Contact_Surface_Residue
252,Non_Contact_Surface_Residue
253,Core_Residue
254,Non_Contact_Surface_Residue
255,Non_Contact_Surface_Residue
256,Non_Contact_Surface_Residue
257,Core_Residue
258,Core_Residue
259,Non_Contact_Surface_Residue
260,Core_Residue
261,Non_Contact_Surface_Residue
262,Non_Contact_Surface_Residue
263,Core_Residue
264,MRAS_interact
265,MRAS_interact
266,Core_Residue
267,MRAS_interact
268,Core_Residue
269,MRAS_interact
270,PP1C_interact
271,Core_Residue
272,Non_Contact_Surface_Residue
273,Core_Residue
274,Non_Contact_Surface_Residue
275,Non_Contact_Surface_Residue
276,Core_Residue
277,Non_Contact_Surface_Residue
278,Non_Contact_Surface_Residue
279,Non_Contact_Surface_Residue
280,Core_Residue
281,Core_Residue
282,Non_Contact_Surface_Residue
283,Core_Residue
284,Non_Contact_Surface_Residue
285,Non_Contact_Surface_Residue
286,Core_Residue
287,Non_Contact_Surface_Residue
288,MRAS_interact
289,Core_Residue
290,Core_Residue
291,Core_Residue
292,MRAS_interact
293,PP1C_interact
294,Core_Residue
295,Non_Contact_Surface_Residue
296,Core_Residue
297,Non_Contact_Surface_Residue
298,Non_Contact_Surface_Residue
299,Core_Residue
300,Non_Contact_Surface_Residue
301,Non_Contact_Surface_Residue
302,Non_Contact_Surface_Residue
303,Core_Residue
304,Non_Contact_Surface_Residue
305,Non_Contact_Surface_Residue
306,Core_Residue
307,Non_Contact_Surface_Residue
308,Non_Contact_Surface_Residue
309,Core_Residue
310,Non_Contact_Surface_Residue
311,Non_Contact_Surface_Residue
312,Core_Residue
313,MRAS_interact
314,Core_Residue
315,MRAS_interact
316,PP1C_interact
317,Non_Contact_Surface_Residue
318,Non_Contact_Surface_Residue
319,Core_Residue
320,Non_Contact_Surface_Residue
321,Non_Contact_Surface_Residue
322,Core_Residue
323,Non_Contact_Surface_Residue
324,Non_Contact_Surface_Residue
325,Non_Contact_Surface_Residue
326,Core_Residue
327,Core_Residue
328,Non_Contact_Surface_Residue
329,Non_Contact_Surface_Residue
330,Core_Residue
331,Non_Contact_Surface_Residue
332,Non_Contact_Surface_Residue
333,Core_Residue
334,Non_Contact_Surface_Residue
335,Non_Contact_Surface_Residue
336,Core_Residue
337,Core_Residue
338,Core_Residue
339,Core_Residue
340,PP1C_interact
341,Core_Residue
342,Non_Contact_Surface_Residue
343,Core_Residue
344,Non_Contact_Surface_Residue
345,Non_Contact_Surface_Residue
346,Core_Residue
347,Core_Residue
348,Non_Contact_Surface_Residue
349,Non_Contact_Surface_Residue
350,Non_Contact_Surface_Residue
351,Non_Contact_Surface_Residue
352,Non_Contact_Surface_Residue
353,Core_Residue
354,Core_Residue
355,Non_Contact_Surface_Residue
356,Non_Contact_Surface_Residue
357,Core_Residue
358,MRAS_interact
359,Non_Contact_Surface_Residue
360,Core_Residue
361,Non_Contact_Surface_Residue
362,Core_Residue
363,Non_Contact_Surface_Residue
364,Non_Contact_Surface_Residue
365,Core_Residue
366,Non_Contact_Surface_Residue
367,Core_Residue
368,Non_Contact_Surface_Residue
369,Non_Contact_Surface_Residue
370,Core_Residue
371,Non_Contact_Surface_Residue
372,Non_Contact_Surface_Residue
373,Core_Residue
374,Core_Residue
375,Core_Residue
376,Non_Contact_Surface_Residue
377,Non_Contact_Surface_Residue
378,Core_Residue
379,Non_Contact_Surface_Residue
380,Non_Contact_Surface_Residue
381,Core_Residue
382,Non_Contact_Surface_Residue
383,Non_Contact_Surface_Residue
384,Core_Residue
385,Non_Contact_Surface_Residue
386,Core_Residue
387,Non_Contact_Surface_Residue
388,PP1C_interact
389,Core_Residue
390,Non_Contact_Surface_Residue
391,Core_Residue
392,Non_Contact_Surface_Residue
393,Non_Contact_Surface_Residue
394,Core_Residue
395,Core_Residue
396,Non_Contact_Surface_Residue
397,Core_Residue
398,Core_Residue
399,Non_Contact_Surface_Residue
400,Non_Contact_Surface_Residue
401,Core_Residue
402,Non_Contact_Surface_Residue
403,Non_Contact_Surface_Residue
404,Core_Residue
405,MRAS_interact
406,Non_Contact_Surface_Residue
407,Core_Residue
408,Non_Contact_Surface_Residue
409,Core_Residue
410,Core_Residue
411,PP1C_interact
412,Core_Residue
413,Non_Contact_Surface_Residue
414,Core_Residue
415,Non_Contact_Surface_Residue
416,Non_Contact_Surface_Residue
417,Core_Residue
418,Non_Contact_Surface_Residue
419,Non_Contact_Surface_Residue
420,Non_Contact_Surface_Residue
421,Core_Residue
422,Non_Contact_Surface_Residue
423,Non_Contact_Surface_Residue
424,Core_Residue
425,Non_Contact_Surface_Residue
426,Non_Contact_Surface_Residue
427,Core_Residue
428,MRAS_interact
429,Core_Residue
430,Core_Residue
431,Non_Contact_Surface_Residue
432,Core_Residue
433,Non_Contact_Surface_Residue
434,PP1C_interact
435,Core_Residue
436,Non_Contact_Surface_Residue
437,Core_Residue
438,Non_Contact_Surface_Residue
439,Non_Contact_Surface_Residue
440,Core_Residue
441,Core_Residue
442,Non_Contact_Surface_Residue
443,Non_Contact_Surface_Residue
444,Core_Residue
445,Core_Residue
446,Non_Contact_Surface_Residue
447,Core_Residue
448,Non_Contact_Surface_Residue
449,Non_Contact_Surface_Residue
450,Core_Residue
451,Non_Contact_Surface_Residue
452,Non_Contact_Surface_Residue
453,Core_Residue
454,Non_Contact_Surface_Residue
455,Core_Residue
456,PP1C_interact
457,PP1C_interact
458,Core_Residue
459,Non_Contact_Surface_Residue
460,Core_Residue
461,Non_Contact_Surface_Residue
462,Non_Contact_Surface_Residue
463,Core_Residue
464,Core_Residue
465,Non_Contact_Surface_Residue
466,Non_Contact_Surface_Residue
467,Core_Residue
468,Core_Residue
469,Non_Contact_Surface_Residue
470,Core_Residue
471,Non_Contact_Surface_Residue
472,Non_Contact_Surface_Residue
473,Core_Residue
474,Non_Contact_Surface_Residue
475,Non_Contact_Surface_Residue
476,Core_Residue
477,Core_Residue
478,Core_Residue
479,Non_Contact_Surface_Residue
480,Non_Contact_Surface_Residue
481,Core_Residue
482,Non_Contact_Surface_Residue
483,Core_Residue
484,Non_Contact_Surface_Residue
485,Non_Contact_Surface_Residue
486,Core_Residue
487,Non_Contact_Surface_Residue
488,Non_Contact_Surface_Residue
489,Core_Residue
490,Core_Residue
491,Core_Residue
492,Non_Contact_Surface_Residue
493,Core_Residue
494,Non_Contact_Surface_Residue
495,Non_Contact_Surface_Residue
496,Core_Residue
497,Non_Contact_Surface_Residue
498,Non_Contact_Surface_Residue
499,Core_Residue
500,Core_Residue
501,Core_Residue
502,Core_Residue
503,PP1C_interact
504,Core_Residue
505,Non_Contact_Surface_Residue
506,Core_Residue
507,Non_Contact_Surface_Residue
508,Non_Contact_Surface_Residue
509,Core_Residue
510,Core_Residue
511,Non_Contact_Surface_Residue
512,Non_Contact_Surface_Residue
513,Core_Residue
514,Core_Residue
515,Non_Contact_Surface_Residue
516,Core_Residue
517,Non_Contact_Surface_Residue
518,Non_Contact_Surface_Residue
519,Core_Residue
520,Non_Contact_Surface_Residue
521,Non_Contact_Surface_Residue
522,Core_Residue
523,Non_Contact_Surface_Residue
524,Core_Residue
525,Non_Contact_Surface_Residue
526,Non_Contact_Surface_Residue
527,Core_Residue
528,Non_Contact_Surface_Residue
529,Non_Contact_Surface_Residue
530,Core_Residue
531,Non_Contact_Surface_Residue
532,Non_Contact_Surface_Residue
533,Core_Residue
534,Non_Contact_Surface_Residue
535,Non_Contact_Surface_Residue
536,Non_Contact_Surface_Residue
537,Core_Residue
538,Core_Residue
539,Non_Contact_Surface_Residue
540,Core_Residue
541,Non_Contact_Surface_Residue
542,Non_Contact_Surface_Residue
543,Non_Contact_Surface_Residue
544,Non_Contact_Surface_Residue
545,Non_Contact_Surface_Residue
546,Core_Residue
547,Core_Residue
548,Core_Residue
549,Non_Contact_Surface_Residue
550,Non_Contact_Surface_Residue
551,Core_Residue
552,Non_Contact_Surface_Residue
553,Core_Residue
554,Non_Contact_Surface_Residue
555,Non_Contact_Surface_Residue
556,Core_Residue
557,Non_Contact_Surface_Residue
558,Non_Contact_Surface_Residue
559,Non_Contact_Surface_Residue
560,Non_Contact_Surface_Residue
561,Non_Contact_Surface_Residue
562,Non_Contact_Surface_Residue
563,Non_Contact_Surface_Residue
564,Core_Residue
565,Non_Contact_Surface_Residue
566,Non_Contact_Surface_Residue
567,Non_Contact_Surface_Residue
568,Core_Residue
569,Non_Contact_Surface_Residue
570,Non_Contact_Surface_Residue
571,Core_Residue
572,Core_Residue
573,Non_Contact_Surface_Residue
574,Non_Contact_Surface_Residue
575,Non_Contact_Surface_Residue
576,Core_Residue
577,Non_Contact_Surface_Residue
578,Non_Contact_Surface_Residue
579,Non_Contact_Surface_Residue
580,Non_Contact_Surface_Residue
581,Non_Contact_Surface_Residue
582,Non_Contact_Surface_Residue